1200,32.0,1199,32.55,1198,32.55,1197,32.0,1196,31.45,1195,32.0,1194,30.9,1193,32.0,1192,35.85,1191,35.85,1190,37.5,1189,36.95,1188,38.05,1187,38.05,1186,37.5,1185,38.6,1184,39.15,1183,39.15,1182,38.6,1181,39.7,1180,39.7,1179,39.7,1178,40.25,1177,40.25,1176,39.7,1175,39.7,1174,40.8,1173,40.25,1172,40.8,1171,40.8,1170,40.8,1169,40.8,1168,40.25,1167,41.35,1166,41.35,1165,40.8,1164,39.7,1163,41.35,1162,40.25,1161,41.35,1160,41.9,1159,41.35,1158,41.9,1157,41.9,1156,41.9,1155,41.9,1154,43.0,1153,41.9,1152,41.9,1151,41.9,1150,42.45,1149,42.45,1148,40.25,1147,41.9,1146,43.0,1145,41.9,1144,41.35,1143,43.0,1142,42.45,1141,43.0,1140,43.0,1139,43.0,1138,42.45,1137,43.55,1136,43.55,1135,43.0,1134,43.55,1133,41.9,1132,42.45,1131,43.55,1130,43.0,1129,41.9,1128,44.1,1127,43.0,1126,43.0,1125,43.0,1124,43.55,1123,43.0,1122,43.55,1121,42.45,1120,44.1,1119,44.65,1118,44.65,1117,44.65,1116,43.0,1115,43.55,1114,43.55,1113,42.45,1112,43.55,1111,45.2,1110,43.55,1109,44.65,1108,45.2,1107,44.65,1106,44.1,1105,44.65,1104,45.2,1103,44.65,1102,45.2,1101,45.75,1100,45.2,1099,45.2,1098,44.65,1097,43.55,1096,45.2,1095,45.2,1094,44.65,1093,44.65,1092,46.3,1091,44.1,1090,45.75,1089,45.75,1088,45.75,1087,45.2,1086,45.75,1085,45.2,1084,45.2,1083,45.75,1082,46.3,1081,45.75,1080,46.3,1079,45.75,1078,45.75,1077,46.3,1076,45.75,1075,45.75,1074,46.3,1073,46.3,1072,46.85,1071,46.3,1070,46.3,1069,45.75,1068,45.75,1067,46.3,1066,46.3,1065,46.3,1064,46.85,1063,46.3,1062,46.85,1061,46.85,1060,45.75,1059,46.3,1058,46.85,1057,46.85,1056,46.85,1055,46.85,1054,46.85,1053,46.85,1052,46.85,1051,46.85,1050,46.3,1049,46.85,1048,47.4,1047,48.5,1046,47.95,1045,49.05,1044,49.05,1043,48.5,1042,49.6,1041,49.05,1040,49.6,1039,48.5,1038,49.6,1037,49.6,1036,49.6,1035,49.05,1034,48.5,1033,49.05,1032,49.6,1031,51.25,1030,50.15,1029,49.6,1028,49.6,1027,49.05,1026,47.95,1025,48.5,1024,47.95,1023,49.05,1022,48.5,1021,47.4,1020,48.5,1019,48.5,1018,49.05,1017,48.5,1016,47.95,1015,47.95,1014,47.95,1013,48.5,1012,48.5,1011,47.95,1010,49.05,1009,49.05,1008,48.5,1007,49.05,1006,47.95,1005,49.05,1004,49.05,1003,47.95,1002,49.05,1001,48.5,1000,47.95,999,47.4,998,49.05,997,49.05,996,50.15,995,48.5,994,49.05,993,49.05,992,49.6,991,48.5,990,49.6,989,49.6,988,49.6,987,50.15,986,49.6,985,49.6,984,49.05,983,49.6,982,47.4,981,49.6,980,49.6,979,49.6,978,48.5,977,50.15,976,49.6,975,49.6,974,50.15,973,50.15,972,49.6,971,49.05,970,50.15,969,50.15,968,50.7,967,50.15,966,50.15,965,50.15,964,50.15,963,49.6,962,50.15,961,49.6,960,50.15,959,50.7,958,50.7,957,50.7,956,50.7,955,50.7,954,49.6,953,50.15,952,50.15,951,50.7,950,50.15,949,50.7,948,50.7,947,51.25,946,50.7,945,50.7,944,51.25,943,50.7,942,51.25,941,50.7,940,50.7,939,50.7,938,51.25,937,51.25,936,51.8,935,51.25,934,50.15,933,51.25,932,50.15,931,51.25,930,50.15,929,50.7,928,51.25,927,50.7,926,51.8,925,52.35,924,50.7,923,49.6,922,51.25,921,50.7,920,51.25,919,51.25,918,51.8,917,50.7,916,51.8,915,52.35,914,51.25,913,51.8,912,51.25,911,50.7,910,51.25,909,51.8,908,51.25,907,51.25,906,51.8,905,51.25,904,51.25,903,51.8,902,51.8,901,50.7,900,51.25,899,51.25,898,51.8,897,52.35,896,51.8,895,50.7,894,51.8,893,51.8,892,50.7,891,51.25,890,51.8,889,51.8,888,51.8,887,52.35,886,51.8,885,52.35,884,51.8,883,52.35,882,52.35,881,52.35,880,52.35,879,52.35,878,51.8,877,51.8,876,52.35,875,52.35,874,52.35,873,52.35,872,51.8,871,52.35,870,52.35,869,52.35,868,52.9,867,52.35,866,52.9,865,52.35,864,52.35,863,52.9,862,53.45,861,52.9,860,51.8,859,52.9,858,52.9,857,52.35,856,51.8,855,52.9,854,52.9,853,52.9,852,52.9,851,51.8,850,52.9,849,53.45,848,52.9,847,53.45,846,52.35,845,52.9,844,52.9,843,52.9,842,53.45,841,53.45,840,52.9,839,53.45,838,53.45,837,53.45,836,52.35,835,53.45,834,53.45,833,52.9,832,53.45,831,52.35,830,54.0,829,54.55,828,53.45,827,53.45,826,54.55,825,53.45,824,55.1,823,53.45,822,54.0,821,52.35,820,52.9,819,52.9,818,54.0,817,53.45,816,54.0,815,53.45,814,54.0,813,53.45,812,53.45,811,53.45,810,54.55,809,53.45,808,53.45,807,54.0,806,54.0,805,53.45,804,54.0,803,52.9,802,54.0,801,54.0,800,53.45,799,54.0,798,54.0,797,54.0,796,54.0,795,54.55,794,55.1,793,55.1,792,54.0,791,54.0,790,53.45,789,52.35,788,54.0,787,54.55,786,54.0,785,54.55,784,54.0,783,54.55,782,54.0,781,53.45,780,54.0,779,54.55,778,54.55,777,54.55,776,54.55,775,54.55,774,53.45,773,55.1,772,52.9,771,54.55,770,54.55,769,54.55,768,55.1,767,54.55,766,54.55,765,55.65,764,54.55,763,54.0,762,53.45,761,55.1,760,54.55,759,54.55,758,54.55,757,52.9,756,54.55,755,54.55,754,54.55,753,55.1,752,55.1,751,54.55,750,55.1,749,55.1,748,55.1,747,55.1,746,55.1,745,55.1,744,55.1,743,54.55,742,54.55,741,54.55,740,55.1,739,55.1,738,54.55,737,55.1,736,55.65,735,56.75,734,55.1,733,55.1,732,55.65,731,55.65,730,55.65,729,55.1,728,55.1,727,54.55,726,56.2,725,55.1,724,55.65,723,54.0,722,55.1,721,55.1,720,55.65,719,55.1,718,55.1,717,54.55,716,55.65,715,54.55,714,55.1,713,55.65,712,55.65,711,55.1,710,56.2,709,55.65,708,56.2,707,54.0,706,55.65,705,54.55,704,55.65,703,55.65,702,55.1,701,56.2,700,55.65,699,55.65,698,55.65,697,56.2,696,55.1,695,54.55,694,56.2,693,56.2,692,56.2,691,56.2,690,56.2,689,56.2,688,56.2,687,55.65,686,56.2,685,55.65,684,55.65,683,54.55,682,54.55,681,56.2,680,55.1,679,56.2,678,54.0,677,56.2,676,56.2,675,55.65,674,55.65,673,55.65,672,54.55,671,55.65,670,55.65,669,55.1,668,54.55,667,56.2,666,55.1,665,56.2,664,56.2,663,56.2,662,57.3,661,56.2,660,55.1,659,56.2,658,56.2,657,55.65,656,56.2,655,55.65,654,56.2,653,56.2,652,55.1,651,56.2,650,55.65,649,56.2,648,56.2,647,56.2,646,56.2,645,56.2,644,56.2,643,56.2,642,56.2,641,56.2,640,56.2,639,54.55,638,56.2,637,55.65,636,56.2,635,56.2,634,56.2,633,56.2,632,56.2,631,56.75,630,55.65,629,56.75,628,56.2,627,57.3,626,55.1,625,56.2,624,56.2,623,56.2,622,55.1,621,56.75,620,56.2,619,56.2,618,55.1,617,56.75,616,56.75,615,55.65,614,56.75,613,56.75,612,56.2,611,56.2,610,56.2,609,55.65,608,56.75,607,56.75,606,56.75,605,55.1,604,56.75,603,56.2,602,56.75,601,56.75,600,56.2,599,56.75,598,56.75,597,56.2,596,56.75,595,57.3,594,56.75,593,56.75,592,55.65,591,56.2,590,56.75,589,55.1,588,56.2,587,56.75,586,57.85,585,56.75,584,57.3,583,57.3,582,57.3,581,56.2,580,56.75,579,56.2,578,56.75,577,56.75,576,56.2,575,56.75,574,56.75,573,56.75,572,57.3,571,57.3,570,57.3,569,56.75,568,56.75,567,56.2,566,57.3,565,56.2,564,57.3,563,56.75,562,57.3,561,57.3,560,57.3,559,57.85,558,57.85,557,56.2,556,57.3,555,55.65,554,57.85,553,57.3,552,56.2,551,57.3,550,56.2,549,57.85,548,57.3,547,56.2,546,57.3,545,57.3,544,57.3,543,56.75,542,57.85,541,56.75,540,58.4,539,57.3,538,57.3,537,57.85,536,57.3,535,57.85,534,57.85,533,57.3,532,57.3,531,56.2,530,57.3,529,57.85,528,57.3,527,57.85,526,58.4,525,57.85,524,56.75,523,56.2,522,56.75,521,58.4,520,58.4,519,57.3,518,58.4,517,57.3,516,57.3,515,56.75,514,58.4,513,57.85,512,57.85,511,56.75,510,57.3,509,57.85,508,57.85,507,57.3,506,56.75,505,56.2,504,57.3,503,58.4,502,57.85,501,56.75,500,57.3,499,57.3,498,57.3,497,58.95,496,58.95,495,57.3,494,57.85,493,57.3,492,57.85,491,57.85,490,58.4,489,58.4,488,58.4,487,58.95,486,57.3,485,57.3,484,58.4,483,58.4,482,58.95,481,58.4,480,57.85,479,57.85,478,57.3,477,58.4,476,58.4,475,58.4,474,58.4,473,58.4,472,57.85,471,58.4,470,58.4,469,58.95,468,57.3,467,57.85,466,58.4,465,57.85,464,57.3,463,58.4,462,57.3,461,58.4,460,58.4,459,58.4,458,58.4,457,58.4,456,58.4,455,58.95,454,58.4,453,57.3,452,57.85,451,58.4,450,58.4,449,58.4,448,58.4,447,57.85,446,57.85,445,58.4,444,57.3,443,58.95,442,59.5,441,57.85,440,58.95,439,57.85,438,58.95,437,58.4,436,59.5,435,58.4,434,58.4,433,58.95,432,58.95,431,59.5,430,58.95,429,58.4,428,58.95,427,58.95,426,57.3,425,58.95,424,58.4,423,58.95,422,58.4,421,58.95,420,57.85,419,58.4,418,58.95,417,57.85,416,60.05,415,58.95,414,58.4,413,58.4,412,58.95,411,58.4,410,58.95,409,59.5,408,58.95,407,58.95,406,58.4,405,58.4,404,57.85,403,58.4,402,58.4,401,57.3,400,58.95,399,57.85,398,59.5,397,58.95,396,58.95,395,59.5,394,58.95,393,58.95,392,59.5,391,57.85,390,58.95,389,58.4,388,58.95,387,60.05,386,59.5,385,58.4,384,59.5,383,59.5,382,58.95,381,59.5,380,58.95,379,58.95,378,58.4,377,58.95,376,58.95,375,58.95,374,58.95,373,58.4,372,57.85,371,60.05,370,58.95,369,59.5,368,58.95,367,60.05,366,59.5,365,58.95,364,58.95,363,59.5,362,58.95,361,57.3,360,58.95,359,58.95,358,59.5,357,58.95,356,59.5,355,58.4,354,58.95,353,58.4,352,58.4,351,58.95,350,58.95,349,59.5,348,58.95,347,58.95,346,58.95,345,58.95,344,58.4,343,58.95,342,59.5,341,58.95,340,58.4,339,58.95,338,58.4,337,57.85,336,59.5,335,58.95,334,59.5,333,58.95,332,58.95,331,58.4,330,59.5,329,57.85,328,58.95,327,57.85,326,58.95,325,57.85,324,58.95,323,58.95,322,58.95,321,58.95,320,58.95,319,58.95,318,58.95,317,59.5,316,58.95,315,58.95,314,58.4,313,58.95,312,58.95,311,57.3,310,58.4,309,60.05,308,58.95,307,58.4,306,57.85,305,58.95,304,58.95,303,58.4,302,58.95,301,58.95,300,58.95,299,58.95,298,58.4,297,58.95,296,57.85,295,58.95,294,58.4,293,58.4,292,58.95,291,57.85,290,57.3,289,57.85,288,58.95,287,58.95,286,58.4,285,58.4,284,58.95,283,59.5,282,58.95,281,58.4,280,58.95,279,58.95,278,59.5,277,58.95,276,58.4,275,57.3,274,57.85,273,58.95,272,58.95,271,58.4,270,58.4,269,58.95,268,58.95,267,57.3,266,59.5,265,58.95,264,58.4,263,58.95,262,57.3,261,58.4,260,58.95,259,58.4,258,57.85,257,58.95,256,58.4,255,58.95,254,58.4,253,58.95,252,58.95,251,58.95,250,58.95,249,59.5,248,56.75,247,58.95,246,57.3,245,58.4,244,58.4,243,58.4,242,58.95,241,58.95,240,58.95,239,57.85,238,58.95,237,58.95,236,58.4,235,58.95,234,58.95,233,58.95,232,58.95,231,57.85,230,57.3,229,57.3,228,57.3,227,58.95,226,57.85,225,58.4,224,58.95,223,58.4,222,58.95,221,58.4,220,58.95,219,58.95,218,57.85,217,58.4,216,58.4,215,58.95,214,58.95,213,58.4,212,58.95,211,58.95,210,56.2,209,59.5,208,58.4,207,58.4,206,58.95,205,58.95,204,58.95,203,58.95,202,58.4,201,57.3,200,58.95,199,58.95,198,58.4,197,57.85,196,58.4,195,58.4,194,58.95,193,58.95,192,58.95,191,57.85,190,58.95,189,58.95,188,58.4,187,57.3,186,59.5,185,58.4,184,57.3,183,58.95,182,58.95,181,58.95,180,58.95,179,58.95,178,58.4,177,58.4,176,58.95,175,58.4,174,58.4,173,57.85,172,58.4,171,58.4,170,58.4,169,57.85,168,58.95,167,58.4,166,58.4,165,57.85,164,58.4,163,57.85,162,57.3,161,58.95,160,58.95,159,58.4,158,58.4,157,57.85,156,58.95,155,59.5,154,58.95,153,58.4,152,58.95,151,58.4,150,58.95,149,57.85,148,57.85,147,58.4,146,58.95,145,58.4,144,57.3,143,58.95,142,58.95,141,58.4,140,58.4,139,58.95,138,58.4,137,58.4,136,58.4,135,58.95,134,58.4,133,58.4,132,57.85,131,58.95,130,58.95,129,58.95,128,58.4,127,58.4,126,58.95,125,57.3,124,58.4,123,58.4,122,57.3,121,57.85,120,58.95,119,57.85,118,57.3,117,57.3,116,58.4,115,58.95,114,57.85,113,58.95,112,58.4,111,56.75,110,58.95,109,57.85,108,58.95,107,57.85,106,57.85,105,58.95,104,58.4,103,58.4,102,58.4,101,58.95,100,58.4,99,57.85,98,58.4,97,57.3,96,58.4,95,58.95,94,58.4,93,59.5,92,57.3,91,58.4,90,58.95,89,57.85,88,57.85,87,57.85,86,57.85,85,58.4,84,58.4,83,58.4,82,57.85,81,57.3,80,57.3,79,57.3,78,58.4,77,56.2,76,58.4,75,58.4,74,58.4,73,58.4,72,57.3,71,57.3,70,56.75,69,58.4,68,58.4,67,58.4,66,58.95,65,58.4,64,57.3,63,58.95,62,57.3,61,57.3,60,58.4,59,56.75,58,58.4,57,58.95,56,58.4,55,56.75,54,58.95,53,58.95,52,58.4,51,57.85,50,57.85,49,56.75,48,57.3,47,58.4,46,57.85,45,56.2,44,58.4,43,58.4,42,58.4,41,58.95,40,58.4,39,58.4,38,58.4,37,58.4,36,58.4,35,58.95,34,57.85,33,57.85,32,58.4,31,58.4,30,57.85,29,58.4,28,58.95,27,58.95,26,56.75,25,57.85,24,58.4,23,58.4,22,58.4,21,58.4,20,57.85,19,58.4,18,58.4,17,57.85,16,58.95,15,58.4,14,57.85,13,58.4,12,57.85,11,57.85,10,57.3,9,57.3,8,58.95,7,59.5,6,58.95,5,58.4,4,57.85,3,58.4,2,57.3,1,58.95
1200,47.4
1199,46.85
1198,46.85
1197,47.4
1196,47.4
1195,46.3
1194,45.75
1193,47.95
1192,47.4
1191,46.3
1190,46.3
1189,51.8
1188,51.8
1187,52.9
1186,54.0
1185,54.55
1184,54.55
1183,54.55
1182,54.55
1181,55.1
1180,54.0
1179,55.65
1178,56.2
1177,55.65
1176,56.2
1175,54.55
1174,55.65
1173,55.65
1172,56.2
1171,55.1
1170,56.2
1169,56.2
1168,56.2
1167,56.2
1166,56.75
1165,56.75
1164,56.75
1163,55.1
1162,55.1
1161,56.2
1160,56.75
1159,56.2
1158,56.75
1157,56.75
1156,57.3
1155,56.75
1154,56.2
1153,56.75
1152,56.75
1151,56.75
1150,56.75
1149,56.75
1148,57.3
1147,57.3
1146,56.75
1145,57.3
1144,57.85
1143,57.3
1142,57.3
1141,57.85
1140,57.3
1139,57.85
1138,57.85
1137,57.3
1136,57.3
1135,56.75
1134,57.85
1133,57.85
1132,57.3
1131,56.75
1130,57.3
1129,58.4
1128,57.85
1127,57.3
1126,57.85
1125,56.75
1124,57.3
1123,56.75
1122,57.85
1121,57.85
1120,57.3
1119,57.85
1118,58.4
1117,56.75
1116,58.4
1115,58.4
1114,57.85
1113,57.85
1112,58.4
1111,58.4
1110,57.85
1109,58.4
1108,58.4
1107,57.3
1106,58.4
1105,56.75
1104,57.85
1103,58.4
1102,58.4
1101,57.85
1100,58.4
1099,58.4
1098,57.3
1097,58.95
1096,57.85
1095,58.4
1094,58.4
1093,56.75
1092,58.4
1091,57.85
1090,57.85
1089,58.95
1088,58.4
1087,58.4
1086,58.95
1085,58.95
1084,57.85
1083,58.4
1082,57.85
1081,58.95
1080,59.5
1079,58.95
1078,59.5
1077,58.95
1076,58.95
1075,58.4
1074,57.85
1073,58.95
1072,59.5
1071,58.95
1070,58.4
1069,59.5
1068,58.95
1067,57.85
1066,58.95
1065,58.4
1064,58.4
1063,59.5
1062,58.95
1061,59.5
1060,58.95
1059,59.5
1058,58.95
1057,58.95
1056,59.5
1055,58.95
1054,58.95
1053,58.4
1052,59.5
1051,58.95
1050,59.5
1049,59.5
1048,59.5
1047,59.5
1046,57.85
1045,58.95
1044,59.5
1043,57.85
1042,60.05
1041,59.5
1040,58.95
1039,59.5
1038,58.4
1037,58.4
1036,59.5
1035,58.95
1034,58.95
1033,57.85
1032,58.95
1031,59.5
1030,59.5
1029,61.15
1028,58.4
1027,58.4
1026,58.4
1025,58.95
1024,59.5
1023,58.95
1022,59.5
1021,60.6
1020,59.5
1019,59.5
1018,58.4
1017,59.5
1016,58.4
1015,58.95
1014,58.95
1013,59.5
1012,60.05
1011,58.95
1010,57.85
1009,59.5
1008,58.95
1007,58.4
1006,59.5
1005,58.95
1004,58.4
1003,58.95
1002,58.4
1001,58.95
1000,58.95
999,59.5
998,57.85
997,59.5
996,59.5
995,58.95
994,58.95
993,58.95
992,57.85
991,59.5
990,60.05
989,58.95
988,58.95
987,59.5
986,58.4
985,58.95
984,59.5
983,59.5
982,58.95
981,59.5
980,59.5
979,58.95
978,59.5
977,58.95
976,58.95
975,60.05
974,58.95
973,58.4
972,59.5
971,60.05
970,59.5
969,59.5
968,59.5
967,59.5
966,60.05
965,58.95
964,59.5
963,59.5
962,58.4
961,60.05
960,58.95
959,59.5
958,58.4
957,59.5
956,59.5
955,59.5
954,58.95
953,60.05
952,58.4
951,58.4
950,59.5
949,57.85
948,58.95
947,58.95
946,58.95
945,59.5
944,59.5
943,58.95
942,59.5
941,57.85
940,58.95
939,59.5
938,59.5
937,59.5
936,60.05
935,58.95
934,59.5
933,59.5
932,59.5
931,58.95
930,57.85
929,58.95
928,59.5
927,58.95
926,59.5
925,59.5
924,59.5
923,60.05
922,58.4
921,59.5
920,59.5
919,58.95
918,58.95
917,58.95
916,59.5
915,58.95
914,59.5
913,58.95
912,58.95
911,58.4
910,59.5
909,58.4
908,58.95
907,58.95
906,59.5
905,59.5
904,58.95
903,58.95
902,57.85
901,57.85
900,58.95
899,59.5
898,59.5
897,58.95
896,60.05
895,58.95
894,58.4
893,59.5
892,57.85
891,58.4
890,58.4
889,58.95
888,58.95
887,58.95
886,59.5
885,59.5
884,58.95
883,58.95
882,59.5
881,58.95
880,59.5
879,58.4
878,58.4
877,60.05
876,58.95
875,58.95
874,58.95
873,59.5
872,60.05
871,58.95
870,58.95
869,59.5
868,59.5
867,58.95
866,59.5
865,58.95
864,57.85
863,58.95
862,59.5
861,59.5
860,58.95
859,59.5
858,60.05
857,58.95
856,58.95
855,58.95
854,58.95
853,59.5
852,59.5
851,59.5
850,59.5
849,59.5
848,58.4
847,58.95
846,60.05
845,58.95
844,59.5
843,58.95
842,58.95
841,59.5
840,59.5
839,58.95
838,58.95
837,59.5
836,58.95
835,58.95
834,57.85
833,59.5
832,58.4
831,57.85
830,59.5
829,59.5
828,57.85
827,59.5
826,58.95
825,59.5
824,59.5
823,59.5
822,59.5
821,59.5
820,59.5
819,58.95
818,58.4
817,58.4
816,58.95
815,57.85
814,58.95
813,58.95
812,59.5
811,58.4
810,59.5
809,59.5
808,58.95
807,57.85
806,59.5
805,57.85
804,58.95
803,57.85
802,58.95
801,58.95
800,57.85
799,58.95
798,59.5
797,60.05
796,59.5
795,60.05
794,59.5
793,59.5
792,58.95
791,59.5
790,57.85
789,59.5
788,57.85
787,59.5
786,59.5
785,58.95
784,60.05
783,58.4
782,58.95
781,59.5
780,58.95
779,58.95
778,59.5
777,58.95
776,59.5
775,58.95
774,58.95
773,58.95
772,60.05
771,59.5
770,58.4
769,58.95
768,58.95
767,59.5
766,59.5
765,59.5
764,58.95
763,60.05
762,58.95
761,59.5
760,60.05
759,58.95
758,59.5
757,58.95
756,58.95
755,59.5
754,58.4
753,58.95
752,58.95
751,58.95
750,59.5
749,58.95
748,59.5
747,59.5
746,58.95
745,58.95
744,59.5
743,59.5
742,58.95
741,57.85
740,60.05
739,58.95
738,58.95
737,57.85
736,57.85
735,59.5
734,58.95
733,57.85
732,59.5
731,58.4
730,57.85
729,57.85
728,59.5
727,59.5
726,58.95
725,59.5
724,58.95
723,59.5
722,57.85
721,58.4
720,58.95
719,58.95
718,60.05
717,57.85
716,57.85
715,59.5
714,59.5
713,57.85
712,58.95
711,58.4
710,57.85
709,58.95
708,58.95
707,58.4
706,58.95
705,58.95
704,59.5
703,59.5
702,58.95
701,59.5
700,59.5
699,58.4
698,58.95
697,58.95
696,57.85
695,57.85
694,59.5
693,59.5
692,58.95
691,58.95
690,58.95
689,58.95
688,58.4
687,58.95
686,58.95
685,58.95
684,58.4
683,58.95
682,58.95
681,58.95
680,58.95
679,58.95
678,58.95
677,59.5
676,59.5
675,59.5
674,58.95
673,57.3
672,58.95
671,59.5
670,58.95
669,59.5
668,58.95
667,58.95
666,57.85
665,58.4
664,57.3
663,59.5
662,59.5
661,57.85
660,58.95
659,58.95
658,58.95
657,58.95
656,58.95
655,58.4
654,58.95
653,58.4
652,58.4
651,59.5
650,59.5
649,59.5
648,59.5
647,58.4
646,59.5
645,58.95
644,58.95
643,58.95
642,58.4
641,58.95
640,59.5
639,59.5
638,58.95
637,59.5
636,58.95
635,58.95
634,56.75
633,58.95
632,57.85
631,58.95
630,58.95
629,58.95
628,58.95
627,57.85
626,58.95
625,58.95
624,59.5
623,60.05
622,58.95
621,58.4
620,58.95
619,58.95
618,59.5
617,60.05
616,58.95
615,58.95
614,58.95
613,58.95
612,58.95
611,58.95
610,58.95
609,58.4
608,57.85
607,58.95
606,58.95
605,57.85
604,58.4
603,58.4
602,58.95
601,57.85
600,58.95
599,58.4
598,58.95
597,58.4
596,59.5
595,58.95
594,58.95
593,59.5
592,59.5
591,58.4
590,58.95
589,60.05
588,60.05
587,58.95
586,58.95
585,58.95
584,58.95
583,58.95
582,58.95
581,59.5
580,58.95
579,58.95
578,57.85
577,57.85
576,59.5
575,58.4
574,57.85
573,58.4
572,58.95
571,58.95
570,58.95
569,57.3
568,58.95
567,57.3
566,58.4
565,58.95
564,58.95
563,58.95
562,58.95
561,57.85
560,57.3
559,58.95
558,58.4
557,57.85
556,58.4
555,57.85
554,58.95
553,58.95
552,58.95
551,59.5
550,58.95
549,57.85
548,59.5
547,59.5
546,58.95
545,58.95
544,58.95
543,59.5
542,59.5
541,57.85
540,58.4
539,58.95
538,59.5
537,58.4
536,58.95
535,58.95
534,58.4
533,58.95
532,59.5
531,58.95
530,58.95
529,58.95
528,58.4
527,57.85
526,59.5
525,58.95
524,59.5
523,58.95
522,58.95
521,57.85
520,58.95
519,58.95
518,58.95
517,57.85
516,58.4
515,57.85
514,58.4
513,58.95
512,59.5
511,59.5
510,60.05
509,58.95
508,60.05
507,58.4
506,58.4
505,58.95
504,58.4
503,58.95
502,58.95
501,58.95
500,57.85
499,57.85
498,58.95
497,58.95
496,59.5
495,57.85
494,58.95
493,57.85
492,58.95
491,57.85
490,58.95
489,58.4
488,58.4
487,58.4
486,58.4
485,58.4
484,58.4
483,58.95
482,57.3
481,58.95
480,57.85
479,58.95
478,57.85
477,57.3
476,58.95
475,59.5
474,58.4
473,58.95
472,58.95
471,58.95
470,58.95
469,59.5
468,57.3
467,58.95
466,58.95
465,58.95
464,58.4
463,58.95
462,58.95
461,58.95
460,58.4
459,59.5
458,57.85
457,58.95
456,58.95
455,59.5
454,58.4
453,59.5
452,58.4
451,58.4
450,57.85
449,58.95
448,58.95
447,57.85
446,58.4
445,58.95
444,58.95
443,59.5
442,58.4
441,57.85
440,57.85
439,58.4
438,59.5
437,58.95
436,57.3
435,58.95
434,58.95
433,58.95
432,59.5
431,58.95
430,58.95
429,58.95
428,58.95
427,58.95
426,58.95
425,57.3
424,58.4
423,58.4
422,57.85
421,58.95
420,58.4
419,59.5
418,59.5
417,58.4
416,58.95
415,57.85
414,58.4
413,57.85
412,58.95
411,58.95
410,58.95
409,58.95
408,58.4
407,58.95
406,58.95
405,58.95
404,58.95
403,58.95
402,58.95
401,58.4
400,57.85
399,59.5
398,56.75
397,59.5
396,58.95
395,60.05
394,58.95
393,58.4
392,58.95
391,58.95
390,58.95
389,58.95
388,59.5
387,58.95
386,59.5
385,58.95
384,58.95
383,57.3
382,59.5
381,59.5
380,58.95
379,58.95
378,59.5
377,58.95
376,59.5
375,58.95
374,58.95
373,59.5
372,59.5
371,59.5
370,58.95
369,58.95
368,57.85
367,59.5
366,58.4
365,58.95
364,59.5
363,58.95
362,59.5
361,58.95
360,58.4
359,58.95
358,58.4
357,58.95
356,59.5
355,58.4
354,58.95
353,57.85
352,59.5
351,59.5
350,57.85
349,58.95
348,59.5
347,59.5
346,58.4
345,58.95
344,59.5
343,57.85
342,58.95
341,59.5
340,60.05
339,59.5
338,57.85
337,58.4
336,58.95
335,59.5
334,59.5
333,57.3
332,58.95
331,59.5
330,59.5
329,58.95
328,58.4
327,58.4
326,59.5
325,59.5
324,59.5
323,59.5
322,60.6
321,58.4
320,58.95
319,58.95
318,58.4
317,59.5
316,58.95
315,57.85
314,58.95
313,58.4
312,59.5
311,58.95
310,58.95
309,59.5
308,58.95
307,58.95
306,58.95
305,59.5
304,59.5
303,59.5
302,60.05
301,60.05
300,58.95
299,59.5
298,58.95
297,59.5
296,58.4
295,57.85
294,57.85
293,59.5
292,58.4
291,58.95
290,58.4
289,59.5
288,59.5
287,59.5
286,58.95
285,58.95
284,58.95
283,58.4
282,59.5
281,58.95
280,58.95
279,60.05
278,58.4
277,57.85
276,58.4
275,57.85
274,58.95
273,58.95
272,59.5
271,59.5
270,59.5
269,58.95
268,59.5
267,59.5
266,59.5
265,59.5
264,59.5
263,58.95
262,57.85
261,60.05
260,59.5
259,59.5
258,57.85
257,58.95
256,58.95
255,59.5
254,58.95
253,59.5
252,59.5
251,59.5
250,60.05
249,59.5
248,58.4
247,59.5
246,58.95
245,60.05
244,59.5
243,58.95
242,59.5
241,58.95
240,58.4
239,58.4
238,59.5
237,59.5
236,58.4
235,58.95
234,59.5
233,59.5
232,59.5
231,58.4
230,59.5
229,58.95
228,59.5
227,58.95
226,59.5
225,59.5
224,59.5
223,58.95
222,59.5
221,57.85
220,59.5
219,58.95
218,59.5
217,59.5
216,60.05
215,58.4
214,59.5
213,59.5
212,60.05
211,58.95
210,59.5
209,58.4
208,58.4
207,58.95
206,59.5
205,60.05
204,59.5
203,59.5
202,59.5
201,58.95
200,60.05
199,58.95
198,58.4
197,59.5
196,59.5
195,58.4
194,60.05
193,59.5
192,58.95
191,58.4
190,58.95
189,59.5
188,58.95
187,59.5
186,59.5
185,58.4
184,59.5
183,59.5
182,58.95
181,59.5
180,59.5
179,58.4
178,60.05
177,58.95
176,60.05
175,58.4
174,59.5
173,59.5
172,59.5
171,58.4
170,57.85
169,59.5
168,60.05
167,59.5
166,59.5
165,58.95
164,59.5
163,59.5
162,58.95
161,57.85
160,59.5
159,59.5
158,60.05
157,58.4
156,59.5
155,59.5
154,60.05
153,60.05
152,59.5
151,58.95
150,59.5
149,60.05
148,59.5
147,60.05
146,59.5
145,58.95
144,59.5
143,58.4
142,58.4
141,59.5
140,59.5
139,58.4
138,59.5
137,58.95
136,59.5
135,59.5
134,59.5
133,59.5
132,59.5
131,58.4
130,58.4
129,60.05
128,58.95
127,58.95
126,59.5
125,59.5
124,58.4
123,59.5
122,58.95
121,57.85
120,59.5
119,59.5
118,60.05
117,59.5
116,60.05
115,60.05
114,58.4
113,59.5
112,59.5
111,60.6
110,59.5
109,59.5
108,60.05
107,60.05
106,59.5
105,59.5
104,58.4
103,58.95
102,60.05
101,60.05
100,59.5
99,59.5
98,59.5
97,60.05
96,59.5
95,59.5
94,58.4
93,58.4
92,60.05
91,59.5
90,60.05
89,58.4
88,59.5
87,60.05
86,58.4
85,59.5
84,59.5
